"","Crime Rate","Dummy","Prediction"
"1",20,1,21.0720554265556
"2",40,1,12.9523610090086
"3",5,0,21.5841074868506
"4",10,0,19.5541838824638
"5",500,0,-179.378329347437
